_MEMBER_MyList,_LogP_MyList,GO,_PATTERN_,_RANK_,GiniIndex,Category,CategoryID,Description,PARENT_GO,LogP,Enrichment,Z-score,#TotalGeneInLibrary,#GeneInGO,#GeneInHitList,#GeneInGOAndHitList,%InGO,STDV %InGO,GeneID,Hits,Log(q-value),EvidenceCutoff
1,-7,M41671,M1,1,0,Cell Type Signatures,7,TRAVAGLINI LUNG AIRWAY SMOOTH MUSCLE CELL,,-7,81,18,30304,166,9,4,44,17,845|1264|91624|93649,CASQ2|CNN1|NEXN|MYOCD,-2.7,0
1,-6.5,M40221,M1,1,0,Cell Type Signatures,7,DESCARTES FETAL KIDNEY MYELOID CELLS,,-6.5,63,16,30304,213,9,4,44,17,366|1230|3162|9332,AQP9|CCR1|HMOX1|CD163,-2.5,0
1,-6.4,M40264,M1,1,0,Cell Type Signatures,7,DESCARTES FETAL PANCREAS MYELOID CELLS,,-6.4,58,15,30304,233,9,4,44,17,366|1230|3162|9332,AQP9|CCR1|HMOX1|CD163,-2.5,0
1,-5.8,M39160,M1,1,0,Cell Type Signatures,7,GAO LARGE INTESTINE 24W C11 PANETH LIKE CELL,,-5.8,41,13,30304,325,9,4,44,17,1116|1230|3162|9332,CHI3L1|CCR1|HMOX1|CD163,-2.1,0
1,-5,M40168,M1,1,0,Cell Type Signatures,7,DESCARTES FETAL CEREBRUM MICROGLIA,,-5,27,10,30304,505,9,4,44,17,1116|1230|3162|9332,CHI3L1|CCR1|HMOX1|CD163,-1.5,0
1,-4.8,M40148,M1,1,0,Cell Type Signatures,7,DESCARTES FETAL ADRENAL MYELOID CELLS,,-4.8,55,13,30304,183,9,3,33,16,1230|3162|9332,CCR1|HMOX1|CD163,-1.4,0
1,-4.6,M40157,M1,1,0,Cell Type Signatures,7,DESCARTES FETAL CEREBELLUM MICROGLIA,,-4.6,21,8.8,30304,642,9,4,44,17,1116|1230|3162|9332,CHI3L1|CCR1|HMOX1|CD163,-1.3,0
1,-4.6,M40229,M1,1,0,Cell Type Signatures,7,DESCARTES FETAL LIVER MYELOID CELLS,,-4.6,48,12,30304,209,9,3,33,16,1230|3162|9332,CCR1|HMOX1|CD163,-1.3,0
1,-4.5,M39110,M1,1,0,Cell Type Signatures,7,AIZARANI LIVER C6 KUPFFER CELLS 2,,-4.5,44,11,30304,228,9,3,33,16,1230|3162|9332,CCR1|HMOX1|CD163,-1.2,0
1,-4.4,M41700,M1,1,0,Cell Type Signatures,7,TRAVAGLINI LUNG OLR1 CLASSICAL MONOCYTE CELL,,-4.4,19,8.3,30304,726,9,4,44,17,366|1230|3162|9332,AQP9|CCR1|HMOX1|CD163,-1.2,0
1,-3.3,M39051,M1,1,0,Cell Type Signatures,7,MANNO MIDBRAIN NEUROTYPES HMGL,,-3.3,18,6.9,30304,577,9,3,33,16,1230|3162|9332,CCR1|HMOX1|CD163,-0.34,0
1,-3.3,M41697,M1,1,0,Cell Type Signatures,7,TRAVAGLINI LUNG EREG DENDRITIC CELL,,-3.3,17,6.9,30304,579,9,3,33,16,1230|3162|9332,CCR1|HMOX1|CD163,-0.34,0
