_MEMBER_MyList,_LogP_MyList,GO,_PATTERN_,_RANK_,GiniIndex,Category,CategoryID,Description,PARENT_GO,LogP,Enrichment,Z-score,#TotalGeneInLibrary,#GeneInGO,#GeneInHitList,#GeneInGOAndHitList,%InGO,STDV %InGO,GeneID,Hits,Log(q-value),EvidenceCutoff
1,-6.9,C0235574,M1,1,0,DisGeNET,35,Intravascular hemolysis,,-6.9,2.8e+02,29,30304,36,9,3,33,16,1116|3162|9332,CHI3L1|HMOX1|CD163,-2.7,0
1,-5.8,C0014038,M1,1,0,DisGeNET,35,Encephalitis,,-5.8,42,13,30304,324,9,4,44,17,1116|1230|3162|9332,CHI3L1|CCR1|HMOX1|CD163,-2.1,0
1,-5.3,C0524910,M1,1,0,DisGeNET,35,"Hepatitis C, Chronic",,-5.3,31,11,30304,430,9,4,44,17,1116|1230|3162|9332,CHI3L1|CCR1|HMOX1|CD163,-1.7,0
1,-5.1,C0032300,M1,1,0,DisGeNET,35,Lobar Pneumonia,,-5.1,72,15,30304,140,9,3,33,16,1116|1230|3162,CHI3L1|CCR1|HMOX1,-1.5,0
1,-5,C0334463,M1,1,0,DisGeNET,35,Malignant Fibrous Histiocytoma,,-5,67,14,30304,150,9,3,33,16,845|9332|93649,CASQ2|CD163|MYOCD,-1.5,0
1,-4.9,C0007194,M1,1,0,DisGeNET,35,Hypertrophic Cardiomyopathy,,-4.9,24,9.5,30304,559,9,4,44,17,845|3162|91624|93649,CASQ2|HMOX1|NEXN|MYOCD,-1.5,0
1,-4.6,C0699949,M1,1,0,DisGeNET,35,airway disease,,-4.6,51,12,30304,198,9,3,33,16,1116|1230|9332,CHI3L1|CCR1|CD163,-1.3,0
1,-4.5,C0577631,M1,1,0,DisGeNET,35,Carotid Atherosclerosis,,-4.5,46,12,30304,219,9,3,33,16,1116|3162|9332,CHI3L1|HMOX1|CD163,-1.3,0
1,-4.5,C0856169,M1,1,0,DisGeNET,35,Endothelial dysfunction,,-4.5,19,8.3,30304,716,9,4,44,17,1116|1230|3162|9332,CHI3L1|CCR1|HMOX1|CD163,-1.2,0
1,-4.3,C0027121,M1,1,0,DisGeNET,35,Myositis,,-4.3,40,11,30304,254,9,3,33,16,1116|1230|9332,CHI3L1|CCR1|CD163,-1.2,0
1,-4.3,C1449563,M1,1,0,DisGeNET,35,"Cardiomyopathy, Familial Idiopathic",,-4.3,17,8,30304,772,9,4,44,17,1116|1264|3162|93649,CHI3L1|CNN1|HMOX1|MYOCD,-1.2,0
1,-4.3,C3203102,M1,1,0,DisGeNET,35,Idiopathic pulmonary arterial hypertension,,-4.3,17,8,30304,776,9,4,44,17,1116|1230|3162|9332,CHI3L1|CCR1|HMOX1|CD163,-1.2,0
1,-4.1,C0947751,M1,1,0,DisGeNET,35,Vascular inflammations,,-4.1,33,9.7,30304,305,9,3,33,16,1116|3162|93649,CHI3L1|HMOX1|MYOCD,-0.99,0
1,-3.6,C2145472,M1,1,0,DisGeNET,35,Urothelial Carcinoma,,-3.6,22,7.9,30304,449,9,3,33,16,1116|3162|9332,CHI3L1|HMOX1|CD163,-0.51,0
1,-3.5,C0021368,M1,1,0,DisGeNET,35,Inflammation,,-3.5,22,7.7,30304,467,9,3,33,16,1116|3162|9332,CHI3L1|HMOX1|CD163,-0.5,0
1,-3.5,C0375023,M1,1,0,DisGeNET,35,Respiratory syncytial virus (RSV) infection in conditions classified elsewhere and of unspecified site,,-3.5,22,7.7,30304,467,9,3,33,16,1116|1230|3162,CHI3L1|CCR1|HMOX1,-0.5,0
1,-3.5,C0027430,M1,1,0,DisGeNET,35,Nasal Polyps,,-3.5,21,7.6,30304,484,9,3,33,16,1116|1230|9332,CHI3L1|CCR1|CD163,-0.47,0
1,-3.5,C0038525,M1,1,0,DisGeNET,35,Subarachnoid Hemorrhage,,-3.5,20,7.5,30304,501,9,3,33,16,3162|9332|91624,HMOX1|CD163|NEXN,-0.45,0
1,-3.5,C0030305,M1,1,0,DisGeNET,35,Pancreatitis,,-3.5,20,7.4,30304,502,9,3,33,16,1116|1230|3162,CHI3L1|CCR1|HMOX1,-0.45,0
1,-3.4,C0007193,M1,1,0,DisGeNET,35,"Cardiomyopathy, Dilated",,-3.4,20,7.4,30304,511,9,3,33,16,1264|91624|93649,CNN1|NEXN|MYOCD,-0.44,0
1,-3.3,C0392885,M1,1,0,DisGeNET,35,High density lipoprotein measurement,,-3.3,19,7.1,30304,545,9,3,33,16,3162|9332|93649,HMOX1|CD163|MYOCD,-0.37,0
1,-3.3,C0220668,M1,1,0,DisGeNET,35,Congenital contractural arachnodactyly,,-3.3,18,7,30304,559,9,3,33,16,1116|3162|9332,CHI3L1|HMOX1|CD163,-0.35,0
1,-3.3,C0151650,M1,1,0,DisGeNET,35,Renal fibrosis,,-3.3,18,6.9,30304,570,9,3,33,16,1116|1230|93649,CHI3L1|CCR1|MYOCD,-0.34,0
1,-3.2,C0271650,M1,1,0,DisGeNET,35,Impaired glucose tolerance,,-3.2,17,6.8,30304,596,9,3,33,16,366|3162|9332,AQP9|HMOX1|CD163,-0.32,0
1,-3.2,C4086152,M1,1,0,DisGeNET,35,Childhood Astrocytoma,,-3.2,16,6.7,30304,615,9,3,33,16,366|1116|3162,AQP9|CHI3L1|HMOX1,-0.3,0
1,-3.2,C0004623,M1,1,0,DisGeNET,35,Bacterial Infections,,-3.2,16,6.7,30304,616,9,3,33,16,1116|3162|9332,CHI3L1|HMOX1|CD163,-0.3,0
1,-3.2,C0020459,M1,1,0,DisGeNET,35,Hyperinsulinism,,-3.2,16,6.6,30304,620,9,3,33,16,366|3162|9332,AQP9|HMOX1|CD163,-0.3,0
1,-3.2,C0007138,M1,1,0,DisGeNET,35,"Carcinoma, Transitional Cell",,-3.2,16,6.6,30304,623,9,3,33,16,1116|3162|9332,CHI3L1|HMOX1|CD163,-0.3,0
1,-3.1,C2316810,M1,1,0,DisGeNET,35,Chronic kidney disease stage 5,,-3.1,15,6.4,30304,666,9,3,33,16,1116|1230|3162,CHI3L1|CCR1|HMOX1,-0.23,0
1,-3.1,C0031099,M1,1,0,DisGeNET,35,Periodontitis,,-3.1,15,6.3,30304,680,9,3,33,16,1230|3162|9332,CCR1|HMOX1|CD163,-0.23,0
1,-3.1,C0024530,M1,1,0,DisGeNET,35,Malaria,,-3.1,15,6.3,30304,684,9,3,33,16,1116|3162|9332,CHI3L1|HMOX1|CD163,-0.23,0
1,-3.1,C0242383,M1,1,0,DisGeNET,35,Age related macular degeneration,,-3.1,15,6.3,30304,685,9,3,33,16,1116|1230|3162,CHI3L1|CCR1|HMOX1,-0.23,0
1,-3.1,C0042373,M1,1,0,DisGeNET,35,Vascular Diseases,,-3.1,15,6.3,30304,688,9,3,33,16,3162|91624|93649,HMOX1|NEXN|MYOCD,-0.23,0
1,-3,C0002726,M1,1,0,DisGeNET,35,Amyloidosis,,-3,15,6.2,30304,694,9,3,33,16,1116|3162|9332,CHI3L1|HMOX1|CD163,-0.23,0
1,-3,C3714636,M1,1,0,DisGeNET,35,Pneumonitis,,-3,15,6.2,30304,696,9,3,33,16,1116|1230|3162,CHI3L1|CCR1|HMOX1,-0.23,0
1,-3,C0024115,M1,1,0,DisGeNET,35,Lung diseases,,-3,14,6.2,30304,700,9,3,33,16,1116|1230|3162,CHI3L1|CCR1|HMOX1,-0.23,0
1,-3,C0035309,M1,1,0,DisGeNET,35,Retinal Diseases,,-3,14,6.1,30304,714,9,3,33,16,1116|1230|3162,CHI3L1|CCR1|HMOX1,-0.21,0
1,-3,C0220641,M1,1,0,DisGeNET,35,Lip and Oral Cavity Carcinoma,,-3,14,6,30304,734,9,3,33,16,1116|3162|9332,CHI3L1|HMOX1|CD163,-0.19,0
1,-2.9,C0011615,M1,1,0,DisGeNET,35,"Dermatitis, Atopic",,-2.9,13,6,30304,751,9,3,33,16,1116|3162|9332,CHI3L1|HMOX1|CD163,-0.17,0
1,-2.9,C0153381,M1,1,0,DisGeNET,35,Malignant neoplasm of mouth,,-2.9,13,5.9,30304,756,9,3,33,16,1116|3162|9332,CHI3L1|HMOX1|CD163,-0.17,0
