Category,CategoryID,GO,Description,PARENT_GO,LogP,Enrichment,Z-score,#TotalGeneInLibrary,#GeneInGO,#GeneInHitList,#GeneInGOAndHitList,%InGO,STDV %InGO,GeneID,Hits,Log(q-value),GeneList
Cell Type Signatures,7,M41671,TRAVAGLINI LUNG AIRWAY SMOOTH MUSCLE CELL,,-7,81,18,30304,166,9,4,44,17,845|1264|91624|93649,CASQ2|CNN1|NEXN|MYOCD,-2.7,MyList
DisGeNET,35,C0235574,Intravascular hemolysis,,-6.9,2.8e+02,29,30304,36,9,3,33,16,1116|3162|9332,CHI3L1|HMOX1|CD163,-2.7,MyList
Cell Type Signatures,7,M40221,DESCARTES FETAL KIDNEY MYELOID CELLS,,-6.5,63,16,30304,213,9,4,44,17,366|1230|3162|9332,AQP9|CCR1|HMOX1|CD163,-2.5,MyList
Cell Type Signatures,7,M40264,DESCARTES FETAL PANCREAS MYELOID CELLS,,-6.4,58,15,30304,233,9,4,44,17,366|1230|3162|9332,AQP9|CCR1|HMOX1|CD163,-2.5,MyList
COVID,200,COVID266,RNA_Wilk_CD16+Monocytes_patient-C4_Up,,-5.9,1.3e+02,20,30304,77,9,3,33,16,366|1230|9332,AQP9|CCR1|CD163,-2.1,MyList
DisGeNET,35,C0014038,Encephalitis,,-5.8,42,13,30304,324,9,4,44,17,1116|1230|3162|9332,CHI3L1|CCR1|HMOX1|CD163,-2.1,MyList
Cell Type Signatures,7,M39160,GAO LARGE INTESTINE 24W C11 PANETH LIKE CELL,,-5.8,41,13,30304,325,9,4,44,17,1116|1230|3162|9332,CHI3L1|CCR1|HMOX1|CD163,-2.1,MyList
DisGeNET,35,C0524910,"Hepatitis C, Chronic",,-5.3,31,11,30304,430,9,4,44,17,1116|1230|3162|9332,CHI3L1|CCR1|HMOX1|CD163,-1.7,MyList
DisGeNET,35,C0032300,Lobar Pneumonia,,-5.1,72,15,30304,140,9,3,33,16,1116|1230|3162,CHI3L1|CCR1|HMOX1,-1.5,MyList
Cell Type Signatures,7,M40168,DESCARTES FETAL CEREBRUM MICROGLIA,,-5,27,10,30304,505,9,4,44,17,1116|1230|3162|9332,CHI3L1|CCR1|HMOX1|CD163,-1.5,MyList
DisGeNET,35,C0334463,Malignant Fibrous Histiocytoma,,-5,67,14,30304,150,9,3,33,16,845|9332|93649,CASQ2|CD163|MYOCD,-1.5,MyList
COVID,200,COVID256,RNA_Wilk_CD14+Monocytes_patient-C6_Up,,-5,66,14,30304,154,9,3,33,16,366|1230|9332,AQP9|CCR1|CD163,-1.5,MyList
DisGeNET,35,C0007194,Hypertrophic Cardiomyopathy,,-4.9,24,9.5,30304,559,9,4,44,17,845|3162|91624|93649,CASQ2|HMOX1|NEXN|MYOCD,-1.5,MyList
Cell Type Signatures,7,M40148,DESCARTES FETAL ADRENAL MYELOID CELLS,,-4.8,55,13,30304,183,9,3,33,16,1230|3162|9332,CCR1|HMOX1|CD163,-1.4,MyList
DisGeNET,35,C0699949,airway disease,,-4.6,51,12,30304,198,9,3,33,16,1116|1230|9332,CHI3L1|CCR1|CD163,-1.3,MyList
Cell Type Signatures,7,M40157,DESCARTES FETAL CEREBELLUM MICROGLIA,,-4.6,21,8.8,30304,642,9,4,44,17,1116|1230|3162|9332,CHI3L1|CCR1|HMOX1|CD163,-1.3,MyList
Cell Type Signatures,7,M40229,DESCARTES FETAL LIVER MYELOID CELLS,,-4.6,48,12,30304,209,9,3,33,16,1230|3162|9332,CCR1|HMOX1|CD163,-1.3,MyList
DisGeNET,35,C0577631,Carotid Atherosclerosis,,-4.5,46,12,30304,219,9,3,33,16,1116|3162|9332,CHI3L1|HMOX1|CD163,-1.3,MyList
Cell Type Signatures,7,M39110,AIZARANI LIVER C6 KUPFFER CELLS 2,,-4.5,44,11,30304,228,9,3,33,16,1230|3162|9332,CCR1|HMOX1|CD163,-1.2,MyList
DisGeNET,35,C0856169,Endothelial dysfunction,,-4.5,19,8.3,30304,716,9,4,44,17,1116|1230|3162|9332,CHI3L1|CCR1|HMOX1|CD163,-1.2,MyList
Cell Type Signatures,7,M41700,TRAVAGLINI LUNG OLR1 CLASSICAL MONOCYTE CELL,,-4.4,19,8.3,30304,726,9,4,44,17,366|1230|3162|9332,AQP9|CCR1|HMOX1|CD163,-1.2,MyList
DisGeNET,35,C0027121,Myositis,,-4.3,40,11,30304,254,9,3,33,16,1116|1230|9332,CHI3L1|CCR1|CD163,-1.2,MyList
DisGeNET,35,C1449563,"Cardiomyopathy, Familial Idiopathic",,-4.3,17,8,30304,772,9,4,44,17,1116|1264|3162|93649,CHI3L1|CNN1|HMOX1|MYOCD,-1.2,MyList
DisGeNET,35,C3203102,Idiopathic pulmonary arterial hypertension,,-4.3,17,8,30304,776,9,4,44,17,1116|1230|3162|9332,CHI3L1|CCR1|HMOX1|CD163,-1.2,MyList
COVID,200,COVID017,RNA_Blanco-Melo_Lung_Down,,-4.3,39,11,30304,259,9,3,33,16,366|1116|1230,AQP9|CHI3L1|CCR1,-1.2,MyList
DisGeNET,35,C0947751,Vascular inflammations,,-4.1,33,9.7,30304,305,9,3,33,16,1116|3162|93649,CHI3L1|HMOX1|MYOCD,-0.99,MyList
DisGeNET,35,C2145472,Urothelial Carcinoma,,-3.6,22,7.9,30304,449,9,3,33,16,1116|3162|9332,CHI3L1|HMOX1|CD163,-0.51,MyList
PaGenBase,36,PGB:00014,Cell-specific: DRG,,-3.6,22,7.8,30304,456,9,3,33,16,845|1116|9332,CASQ2|CHI3L1|CD163,-0.5,MyList
DisGeNET,35,C0021368,Inflammation,,-3.5,22,7.7,30304,467,9,3,33,16,1116|3162|9332,CHI3L1|HMOX1|CD163,-0.5,MyList
DisGeNET,35,C0375023,Respiratory syncytial virus (RSV) infection in conditions classified elsewhere and of unspecified site,,-3.5,22,7.7,30304,467,9,3,33,16,1116|1230|3162,CHI3L1|CCR1|HMOX1,-0.5,MyList
DisGeNET,35,C0027430,Nasal Polyps,,-3.5,21,7.6,30304,484,9,3,33,16,1116|1230|9332,CHI3L1|CCR1|CD163,-0.47,MyList
DisGeNET,35,C0038525,Subarachnoid Hemorrhage,,-3.5,20,7.5,30304,501,9,3,33,16,3162|9332|91624,HMOX1|CD163|NEXN,-0.45,MyList
DisGeNET,35,C0030305,Pancreatitis,,-3.5,20,7.4,30304,502,9,3,33,16,1116|1230|3162,CHI3L1|CCR1|HMOX1,-0.45,MyList
DisGeNET,35,C0007193,"Cardiomyopathy, Dilated",,-3.4,20,7.4,30304,511,9,3,33,16,1264|91624|93649,CNN1|NEXN|MYOCD,-0.44,MyList
DisGeNET,35,C0392885,High density lipoprotein measurement,,-3.3,19,7.1,30304,545,9,3,33,16,3162|9332|93649,HMOX1|CD163|MYOCD,-0.37,MyList
DisGeNET,35,C0220668,Congenital contractural arachnodactyly,,-3.3,18,7,30304,559,9,3,33,16,1116|3162|9332,CHI3L1|HMOX1|CD163,-0.35,MyList
DisGeNET,35,C0151650,Renal fibrosis,,-3.3,18,6.9,30304,570,9,3,33,16,1116|1230|93649,CHI3L1|CCR1|MYOCD,-0.34,MyList
Cell Type Signatures,7,M39051,MANNO MIDBRAIN NEUROTYPES HMGL,,-3.3,18,6.9,30304,577,9,3,33,16,1230|3162|9332,CCR1|HMOX1|CD163,-0.34,MyList
Cell Type Signatures,7,M41697,TRAVAGLINI LUNG EREG DENDRITIC CELL,,-3.3,17,6.9,30304,579,9,3,33,16,1230|3162|9332,CCR1|HMOX1|CD163,-0.34,MyList
DisGeNET,35,C0271650,Impaired glucose tolerance,,-3.2,17,6.8,30304,596,9,3,33,16,366|3162|9332,AQP9|HMOX1|CD163,-0.32,MyList
DisGeNET,35,C4086152,Childhood Astrocytoma,,-3.2,16,6.7,30304,615,9,3,33,16,366|1116|3162,AQP9|CHI3L1|HMOX1,-0.3,MyList
DisGeNET,35,C0004623,Bacterial Infections,,-3.2,16,6.7,30304,616,9,3,33,16,1116|3162|9332,CHI3L1|HMOX1|CD163,-0.3,MyList
DisGeNET,35,C0020459,Hyperinsulinism,,-3.2,16,6.6,30304,620,9,3,33,16,366|3162|9332,AQP9|HMOX1|CD163,-0.3,MyList
DisGeNET,35,C0007138,"Carcinoma, Transitional Cell",,-3.2,16,6.6,30304,623,9,3,33,16,1116|3162|9332,CHI3L1|HMOX1|CD163,-0.3,MyList
DisGeNET,35,C2316810,Chronic kidney disease stage 5,,-3.1,15,6.4,30304,666,9,3,33,16,1116|1230|3162,CHI3L1|CCR1|HMOX1,-0.23,MyList
DisGeNET,35,C0031099,Periodontitis,,-3.1,15,6.3,30304,680,9,3,33,16,1230|3162|9332,CCR1|HMOX1|CD163,-0.23,MyList
DisGeNET,35,C0024530,Malaria,,-3.1,15,6.3,30304,684,9,3,33,16,1116|3162|9332,CHI3L1|HMOX1|CD163,-0.23,MyList
DisGeNET,35,C0242383,Age related macular degeneration,,-3.1,15,6.3,30304,685,9,3,33,16,1116|1230|3162,CHI3L1|CCR1|HMOX1,-0.23,MyList
DisGeNET,35,C0042373,Vascular Diseases,,-3.1,15,6.3,30304,688,9,3,33,16,3162|91624|93649,HMOX1|NEXN|MYOCD,-0.23,MyList
DisGeNET,35,C0002726,Amyloidosis,,-3,15,6.2,30304,694,9,3,33,16,1116|3162|9332,CHI3L1|HMOX1|CD163,-0.23,MyList
DisGeNET,35,C3714636,Pneumonitis,,-3,15,6.2,30304,696,9,3,33,16,1116|1230|3162,CHI3L1|CCR1|HMOX1,-0.23,MyList
DisGeNET,35,C0024115,Lung diseases,,-3,14,6.2,30304,700,9,3,33,16,1116|1230|3162,CHI3L1|CCR1|HMOX1,-0.23,MyList
DisGeNET,35,C0035309,Retinal Diseases,,-3,14,6.1,30304,714,9,3,33,16,1116|1230|3162,CHI3L1|CCR1|HMOX1,-0.21,MyList
DisGeNET,35,C0220641,Lip and Oral Cavity Carcinoma,,-3,14,6,30304,734,9,3,33,16,1116|3162|9332,CHI3L1|HMOX1|CD163,-0.19,MyList
DisGeNET,35,C0011615,"Dermatitis, Atopic",,-2.9,13,6,30304,751,9,3,33,16,1116|3162|9332,CHI3L1|HMOX1|CD163,-0.17,MyList
DisGeNET,35,C0153381,Malignant neoplasm of mouth,,-2.9,13,5.9,30304,756,9,3,33,16,1116|3162|9332,CHI3L1|HMOX1|CD163,-0.17,MyList
