Gene,_SCORE_GRP2_,_SCORE_GRP3_,_SCORE_GRP1_,GRP1|19_GO:0090257|-4.363|regulation of muscle system process,GRP1|19_GO:0006937|-4.847|regulation of muscle contraction,GRP1|19_GO:0044057|-3.323|regulation of system process,GRP1|19_GO:0048660|-4.840|regulation of smooth muscle cell proliferation,GRP1|19_GO:0048662|-6.008|negative regulation of smooth muscle cell proliferation,GRP2|19_GO:0006954|-4.885|inflammatory response,GRP3|19_GO:0098771|-3.656|inorganic ion homeostasis,GRP3|19_GO:0030003|-3.681|intracellular monoatomic cation homeostasis,GRP3|19_GO:0006873|-3.653|intracellular monoatomic ion homeostasis,GRP3|19_GO:0055080|-3.479|monoatomic cation homeostasis,GRP3|19_GO:0050801|-3.456|monoatomic ion homeostasis,GRP3|19_GO:0055082|-3.305|intracellular chemical homeostasis,GRP3|19_GO:0019725|-3.085|cellular homeostasis,GRP3|6_R-HSA-382551|-2.983|Transport of small molecules,_SORT_,_SORT_GRP1_,_SORT_GRP2_,_SORT_GRP3_
3162,1.0,1.0,0.4,0.0,0.0,0.0,0.3,0.4,0.3,0.2,0.2,0.2,0.2,0.2,0.2,0.2,0.1,1,4,2,2
93649,0.0,0.0,1.0,0.3,0.3,0.2,0.3,0.4,0.0,0.0,0.0,0.0,0.0,0.0,0.0,0.0,0.0,7,2,0,0
1264,0.0,0.0,1.0,0.3,0.3,0.2,0.3,0.4,0.0,0.0,0.0,0.0,0.0,0.0,0.0,0.0,0.0,6,1,0,0
1230,1.0,0.875,0.0,0.0,0.0,0.0,0.0,0.0,0.3,0.2,0.2,0.2,0.2,0.2,0.2,0.2,0.0,2,0,1,3
845,0.0,1.0,0.6,0.3,0.3,0.2,0.0,0.0,0.0,0.2,0.2,0.2,0.2,0.2,0.2,0.2,0.1,5,3,0,1
366,0.0,0.125,0.0,0.0,0.0,0.0,0.0,0.0,0.0,0.0,0.0,0.0,0.0,0.0,0.0,0.0,0.1,8,0,0,4
9332,1.0,0.0,0.0,0.0,0.0,0.0,0.0,0.0,0.3,0.0,0.0,0.0,0.0,0.0,0.0,0.0,0.0,4,0,3,0
1116,1.0,0.0,0.0,0.0,0.0,0.0,0.0,0.0,0.3,0.0,0.0,0.0,0.0,0.0,0.0,0.0,0.0,3,0,4,0
