Category,CategoryID,GO,Description,PARENT_GO,LogP,Enrichment,Z-score,#TotalGeneInLibrary,#GeneInGO,#GeneInHitList,#GeneInGOAndHitList,%InGO,STDV %InGO,GeneID,Hits,Log(q-value),GeneList
GO Biological Processes,19,GO:0048662,negative regulation of smooth muscle cell proliferation,19_GO:0048519 negative regulation of biological process,-6,1.4e+02,21,30304,70,9,3,33,16,1264|3162|93649,CNN1|HMOX1|MYOCD,-1.7,MyList
GO Biological Processes,19,GO:0006954,inflammatory response,19_GO:0050896 response to stimulus,-4.9,24,9.5,30304,555,9,4,44,17,1116|1230|3162|9332,CHI3L1|CCR1|HMOX1|CD163,-1.1,MyList
GO Biological Processes,19,GO:0006937,regulation of muscle contraction,19_GO:0032501 multicellular organismal process,-4.8,59,13,30304,170,9,3,33,16,845|1264|93649,CASQ2|CNN1|MYOCD,-1.1,MyList
GO Biological Processes,19,GO:0048660,regulation of smooth muscle cell proliferation,19_GO:0050789 regulation of biological process,-4.8,59,13,30304,171,9,3,33,16,1264|3162|93649,CNN1|HMOX1|MYOCD,-1.1,MyList
GO Biological Processes,19,GO:0090257,regulation of muscle system process,19_GO:0032501 multicellular organismal process,-4.4,41,11,30304,247,9,3,33,16,845|1264|93649,CASQ2|CNN1|MYOCD,-0.72,MyList
GO Biological Processes,19,GO:0030003,intracellular monoatomic cation homeostasis,19_GO:0042592 homeostatic process,-3.7,24,8.2,30304,420,9,3,33,16,845|1230|3162,CASQ2|CCR1|HMOX1,-0.21,MyList
GO Biological Processes,19,GO:0098771,inorganic ion homeostasis,19_GO:0042592 homeostatic process,-3.7,24,8.1,30304,428,9,3,33,16,845|1230|3162,CASQ2|CCR1|HMOX1,-0.21,MyList
GO Biological Processes,19,GO:0006873,intracellular monoatomic ion homeostasis,19_GO:0042592 homeostatic process,-3.7,24,8.1,30304,429,9,3,33,16,845|1230|3162,CASQ2|CCR1|HMOX1,-0.21,MyList
GO Biological Processes,19,GO:0055080,monoatomic cation homeostasis,19_GO:0042592 homeostatic process,-3.5,21,7.5,30304,492,9,3,33,16,845|1230|3162,CASQ2|CCR1|HMOX1,-0.11,MyList
GO Biological Processes,19,GO:0050801,monoatomic ion homeostasis,19_GO:0042592 homeostatic process,-3.5,20,7.5,30304,501,9,3,33,16,845|1230|3162,CASQ2|CCR1|HMOX1,-0.11,MyList
GO Biological Processes,19,GO:0044057,regulation of system process,19_GO:0032501 multicellular organismal process,-3.3,18,7,30304,556,9,3,33,16,845|1264|93649,CASQ2|CNN1|MYOCD,-0.039,MyList
GO Biological Processes,19,GO:0055082,intracellular chemical homeostasis,19_GO:0042592 homeostatic process,-3.3,18,7,30304,564,9,3,33,16,845|1230|3162,CASQ2|CCR1|HMOX1,-0.039,MyList
GO Biological Processes,19,GO:0019725,cellular homeostasis,19_GO:0042592 homeostatic process,-3.1,15,6.3,30304,671,9,3,33,16,845|1230|3162,CASQ2|CCR1|HMOX1,0,MyList
Reactome Gene Sets,6,R-HSA-382551,Transport of small molecules,,-3,14,6.1,30304,728,9,3,33,16,366|845|3162,AQP9|CASQ2|HMOX1,0,MyList
