_MEMBER_MyList,_LogP_MyList,GO,Description,_PATTERN_,_RANK_,GiniIndex
1,-3.3,GO:0055082,intracellular chemical homeostasis,M1,1,0
1,-3.5,GO:0050801,monoatomic ion homeostasis,M1,1,0
1,-4.9,GO:0006954,inflammatory response,M1,1,0
1,-4.8,GO:0048660,regulation of smooth muscle cell proliferation,M1,1,0
1,-6,GO:0048662,negative regulation of smooth muscle cell proliferation,M1,1,0
1,-3.3,GO:0044057,regulation of system process,M1,1,0
1,-4.8,GO:0006937,regulation of muscle contraction,M1,1,0
1,-3.7,GO:0006873,intracellular monoatomic ion homeostasis,M1,1,0
1,-3.5,GO:0055080,monoatomic cation homeostasis,M1,1,0
1,-3.7,GO:0030003,intracellular monoatomic cation homeostasis,M1,1,0
1,-3,R-HSA-382551,Transport of small molecules,M1,1,0
1,-3.7,GO:0098771,inorganic ion homeostasis,M1,1,0
1,-4.4,GO:0090257,regulation of muscle system process,M1,1,0
1,-3.1,GO:0019725,cellular homeostasis,M1,1,0
