_MEMBER_MyList,_LogP_MyList,GO,Description,_PATTERN_,_RANK_,CHILD_GO_MyList
1,-6.008045523497643,GO:0048519,negative regulation of biological process,M1,1,GO:0048662 negative regulation of smooth muscle cell proliferation
1,-4.884860831250888,GO:0050896,response to stimulus,M1,1,GO:0006954 inflammatory response
1,-4.8473192339688715,GO:0032501,multicellular organismal process,M1,1,GO:0006937 regulation of muscle contraction
1,-4.8396970846809975,GO:0050789,regulation of biological process,M1,1,GO:0048660 regulation of smooth muscle cell proliferation
1,-3.6805274263456496,GO:0042592,homeostatic process,M1,1,GO:0030003 intracellular monoatomic cation homeostasis
